[
  {
    "model": "server.room",
    "pk": 0,
    "fields": {
      "name": "Garden",
      "file_name": "garden"
    }
  },
  {
    "model": "server.room",
    "pk": 1,
    "fields": {
      "name": "Tavern",
      "file_name": "tavern"
    }
  },
  {
    "model": "server.room",
    "pk": 2,
    "fields": {
      "name": "Forest",
      "file_name": "forest"
    }
  },
  {
    "model": "server.entity",
    "pk": 0,
    "fields": {
      "name": "Door to Tavern",
      "typename": "Portal"
    }
  },
  {
    "model": "server.portal",
    "pk": 0,
    "fields": {
      "entity_id": 0,
      "linkedy": 14,
      "linkedx": 14,
      "linkedroom_id": 1
    }
  },
  {
    "model": "server.instancedentity",
    "pk": 0,
    "fields": {
      "entity_id": 0,
      "y": 9,
      "x": 7,
      "room_id": 0
    }
  },
  {
    "model": "server.entity",
    "pk": 1,
    "fields": {
      "name": "Door to Garden",
      "typename": "Portal"
    }
  },
  {
    "model": "server.portal",
    "pk": 1,
    "fields": {
      "entity_id": 1,
      "linkedy": 9,
      "linkedx": 7,
      "linkedroom_id": 0
    }
  },
  {
    "model": "server.instancedentity",
    "pk": 1,
    "fields": {
      "entity_id": 1,
      "y": 14,
      "x": 14,
      "room_id": 1
    }
  },
  {
    "model": "server.entity",
    "pk": 2,
    "fields": {
      "name": "Beer",
      "typename": "Item"
    }
  },
  {
    "model": "server.item",
    "pk": 1,
    "fields": {
      "entity_id": 2,
      "value": 6
    }
  },
  {
    "model": "server.instancedentity",
    "pk": 2,
    "fields": {
      "entity_id": 2,
      "y": 5,
      "x": 10,
      "room_id": 1,
      "respawn_time": 5
    }
  },
  {
    "model": "server.instancedentity",
    "pk": 3,
    "fields": {
      "entity_id": 2,
      "y": 5,
      "x": 12,
      "room_id": 1,
      "respawn_time": 3
    }
  },
  {
    "model": "server.entity",
    "pk": 3,
    "fields": {
      "name": "Forest portal",
      "typename": "Portal"
    }
  },
  {
    "model": "server.entity",
    "pk": 4,
    "fields": {
      "name": "Door to Forest",
      "typename": "Portal"
    }
  },
  {
    "model": "server.instancedentity",
    "pk": 4,
    "fields": {
      "entity_id": 4,
      "y": 1,
      "x": 1,
      "room_id": 1
    }
  },
  {
    "model": "server.portal",
    "pk": 2,
    "fields": {
      "entity_id": 4,
      "linkedy": 12,
      "linkedx": 34,
      "linkedroom_id": 2
    }
  },
  {
    "model": "server.entity",
    "pk": 5,
    "fields": {
      "name": "Door to Tavern",
      "typename": "Portal"
    }
  },
  {
    "model": "server.instancedentity",
    "pk": 5,
    "fields": {
      "entity_id": 5,
      "y": 12,
      "x": 34,
      "room_id": 2
    }
  },
  {
    "model": "server.portal",
    "pk": 3,
    "fields": {
      "entity_id": 5,
      "linkedy": 1,
      "linkedx": 1,
      "linkedroom_id": 1
    }
  },
  {
    "model": "server.entity",
    "pk": 6,
    "fields": {
      "name": "Iron Ore",
      "typename": "OreNode"
    }
  },
  {
    "model": "server.entity",
    "pk": 7,
    "fields": {
      "name": "Iron Ore",
      "typename": "Ore"
    }
  },
  {
    "model": "server.item",
    "pk": 7,
    "fields": {
      "entity_id": 7,
      "value": 15
    }
  },
  {
    "model": "server.droptable",
    "pk": 1,
    "fields": {

    }
  },
  {
    "model": "server.droptableitem",
    "pk": 1,
    "fields": {
      "droptable_id": 1,
      "item_id": 7,
      "min_amt": 1,
      "max_amt": 1,
      "chance": 1
    }
  },
  {
    "model": "server.resourcenode",
    "pk": 1,
    "fields": {
      "entity_id": 6,
      "droptable_id": 1,
      "req_lvl": 1,
      "xp_given": 5
    }
  },
  {
    "model": "server.instancedentity",
    "pk": 10,
    "fields": {
      "entity_id": 6,
      "y": 3,
      "x": 4,
      "room_id": 0,
      "respawn_time": 10
    }
  },
  {
    "model": "server.entity",
    "pk": 35,
    "fields": {
      "name": "Iron Pickaxe",
      "typename": "Pickaxe"
    }
  },
  {
    "model": "server.item",
    "pk": 35,
    "fields": {
      "entity_id": 35,
      "value": 45
    }
  },
  {
    "model": "server.instancedentity",
    "pk": 35,
    "fields": {
      "entity_id": 35,
      "y": 16,
      "x": 10,
      "room_id": 0,
      "respawn_time": 15
    }
  },
  {
    "model": "server.entity",
    "pk": 15,
    "fields": {
      "name": "Iron Axe",
      "typename": "Axe"
    }
  },
  {
    "model": "server.item",
    "pk": 15,
    "fields": {
      "entity_id": 15,
      "value": 35
    }
  },
  {
    "model": "server.instancedentity",
    "pk": 15,
    "fields": {
      "entity_id": 15,
      "y": 16,
      "x": 15,
      "room_id": 0,
      "respawn_time": 15
    }
  },
  {
    "model": "server.entity",
    "pk": 21,
    "fields": {
      "name": "Logs",
      "typename": "Logs"
    }
  },
  {
    "model": "server.item",
    "pk": 21,
    "fields": {
      "entity_id": 21,
      "value": 15
    }
  },
  {
    "model": "server.droptable",
    "pk": 2,
    "fields": {

    }
  },
  {
    "model": "server.droptableitem",
    "pk": 2,
    "fields": {
      "droptable_id": 2,
      "item_id": 21,
      "min_amt": 1,
      "max_amt": 1,
      "chance": 1
    }
  },
  {
    "model": "server.entity",
    "pk": 20,
    "fields": {
      "name": "Tree",
      "typename": "TreeNode"
    }
  },
  {
    "model": "server.resourcenode",
    "pk": 20,
    "fields": {
      "entity_id": 20,
      "droptable_id": 2,
      "req_lvl": 1,
      "xp_given": 5
    }
  },
  {
    "model": "server.instancedentity",
    "pk": 20,
    "fields": {
      "entity_id": 20,
      "y": 19,
      "x": 21,
      "room_id": 0,
      "respawn_time": 10
    }
  }
]